Workbook
Name ec_50: 'EV Sigmoid Fitting'!$B$4
Name max: 'EV Sigmoid Fitting'!$B$3
Name min: 'EV Sigmoid Fitting'!$B$2

Sheet About
A1: BGBSC BAU Global Battery Storage Capacity | B1: Arizona | C1: 45302
A3: Sources: | B3: Grid batteries through 2030
B4: Bloomberg
B5: 2020
B6: New Energy Outlook 2020
B7: https://about.bnef.com/new-energy-outlook/
B8: Executive Summary
B9: Figure 3
B11: EV sales
B12: Bloomberg
B13: 2020
B14: Electric Vehicle Outlook 2022
B15: https://bnef.turtl.co/story/evo-2022/page/4/1?teaser=yes
B16: Executive Summary
B18: EV Battery Production Capacity in 2030
B19: McKinsey
B20: 2023
B21: Battery 2030: Resilient, sustainable, and circular
B22: https://www.mckinsey.com/industries/automotive-and-assembly/our-insights/battery-2030-resilient-sustainable-and-circular
B23: Exhibit 1
A26: Notes: | B26: We use projected battery production in 2030 and scale linearly between now and 2030
B27: Beyond 2030 we use estimated BEV sales to scale annual battery capacity growth, using approximate
B28: data from the BNEF EVO.

Sheet Grid Battery Storage
A1: *Online piexel ruler used to read BENF figure.
A2: Pixels per 500 GWh | B2: 42
B4: 2020 | C4: 2025 | D4: 2030 | E4: 2035 | F4: 2040 | G4: 2045 | H4: 2050
A5: Number of pixels | B5: 2 | C5: 13 | D5: 48 | E5: 96 | F5: 170 | G5: 270 | H5: 365
A6: MWh storage | B6: =B5/$B$2*500*1000 -> 23809.524 | C6: =C5/$B$2*500*1000 -> 154761.9 | D6: =D5/$B$2*500*1000 -> 571428.57 | E6: =E5/$B$2*500*1000 -> 1142857.1 | F6: =F5/$B$2*500*1000 -> 2023809.5 | G6: =G5/$B$2*500*1000 -> 3214285.7 | H6: =H5/$B$2*500*1000 -> 4345238.1
A8: Interpolated | B8: 2019 | C8: 2020 | D8: 2021 | E8: 2022 | F8: 2023 | G8: 2024 | H8: 2025 | I8: 2026 | J8: 2027 | K8: 2028 | L8: 2029 | M8: 2030 | N8: 2031 | O8: 2032 | P8: 2033 | Q8: 2034 | R8: 2035 | S8: 2036 | T8: 2037 | U8: 2038 | V8: 2039 | W8: 2040 | X8: 2041 | Y8: 2042 | Z8: 2043 | AA8: 2044 | AB8: 2045 | AC8: 2046 | AD8: 2047 | AE8: 2048 | AF8: 2049 | AG8: 2050

Sheet EV Batteries
A8: BNEF Data
A9: BNEF - Long-Term Electric Vehicle Outlook 2017 | B9: 2017 | C9: 2018 | D9: 2019 | E9: 2020 | F9: 2021 | G9: 2022 | H9: 2023 | I9: 2024 | J9: 2025 | K9: 2026 | L9: 2027 | M9: 2028 | N9: 2029 | O9: 2030 | P9: 2031 | Q9: 2032 | R9: 2033 | S9: 2034 | T9: 2035 | U9: 2036 | V9: 2037 | W9: 2038 | X9: 2039 | Y9: 2040 | Z9: 2041 | AA9: 2042 | AB9: 2043 | AC9: 2044 | AD9: 2045 | AE9: 2046 | AF9: 2047 | AG9: 2048 | AH9: 2049 | AI9: 2050
A10: Global EV Li-Ion Battery Demand (GWh) | D10: 230 | E10: =($O$10-$D$10)/11+D10 -> 490.90909 | F10: =($O$10-$D$10)/11+E10 -> 751.81818 | G10: =($O$10-$D$10)/11+F10 -> 1012.7273 | H10: =($O$10-$D$10)/11+G10 -> 1273.6364 | I10: =($O$10-$D$10)/11+H10 -> 1534.5455 | J10: =($O$10-$D$10)/11+I10 -> 1795.4545 | K10: =($O$10-$D$10)/11+J10 -> 2056.3636 | L10: =($O$10-$D$10)/11+K10 -> 2317.2727 | ... N10: =($O$10-$D$10)/11+M10 -> 2839.0909 | O10: 3100 | P10: =O10*P12/O12 -> 3424.7906 | Q10: =P10*Q12/P12 -> 3746.5014 | R10: =Q10*R12/Q12 -> 4059.9053 | S10: =R10*S12/R12 -> 4360.3138 | T10: =S10*T12/S12 -> 4643.8346 | U10: =T10*U12/T12 -> 4907.5316 | V10: =U10*V12/U12 -> 5149.4794 | W10: =V10*W12/V12 -> 5368.7218 | ... AI10: =AH10*AI12/AH12 -> 6595.8099
A11: New EV Sales (Number of Vehicles) | B11: 1210000
A12: New EV Sales, Extrapolated (Number of Vehicles) | B12: =B14 -> 3182095.1 | C12: =C14 -> 4428712.4 | D12: =D14 -> 5877595.3 | E12: =E14 -> 7551143.5 | F12: =F14 -> 9470428.4 | G12: =G14 -> 11653615 | H12: =H14 -> 14114063 | I12: =I14 -> 16858219 | ... AI12: =AI14 -> 81549621
B13: =B11 -> 1210000 | G13: 10600000 | J13: 21000000 | O13: 40000000 | T13: 55000000 | Y13: =72000000 -> 72000000
B14: =(83.94318 + (-3.575905 - 83.94318)/(1 + (B9/2030.462)^372.9304))*1000000 -> 3182095.1 | C14: =(83.94318 + (-3.575905 - 83.94318)/(1 + (C9/2030.462)^372.9304))*1000000 -> 4428712.4 | D14: =(83.94318 + (-3.575905 - 83.94318)/(1 + (D9/2030.462)^372.9304))*1000000 -> 5877595.3 | E14: =(83.94318 + (-3.575905 - 83.94318)/(1 + (E9/2030.462)^372.9304))*1000000 -> 7551143.5 | F14: =(83.94318 + (-3.575905 - 83.94318)/(1 + (F9/2030.462)^372.9304))*1000000 -> 9470428.4 | G14: =(83.94318 + (-3.575905 - 83.94318)/(1 + (G9/2030.462)^372.9304))*1000000 -> 11653615 | H14: =(83.94318 + (-3.575905 - 83.94318)/(1 + (H9/2030.462)^372.9304))*1000000 -> 14114063 | I14: =(83.94318 + (-3.575905 - 83.94318)/(1 + (I9/2030.462)^372.9304))*1000000 -> 16858219 | ... AI14: =(83.94318 + (-3.575905 - 83.94318)/(1 + (AI9/2030.462)^372.9304))*1000000 -> 81549621
G17: 2019 | H17: 2020 | I17: 2021 | J17: 2022 | K17: 2023 | L17: 2024 | M17: 2025 | N17: 2026 | O17: 2027 | P17: 2028 | Q17: 2029 | R17: 2030 | S17: 2031 | T17: 2032 | U17: 2033 | V17: 2034 | W17: 2035 | X17: 2036 | Y17: 2037 | Z17: 2038 | AA17: 2039 | AB17: 2040
F18: Number of pixels | G18: 19 | H18: 14 | I18: 20 | J18: 31 | K18: 43 | L18: 56 | M18: 68 | N18: 83 | O18: 109 | P18: 137 | Q18: 168 | R18: 204 | S18: 234 | T18: 267 | U18: 293 | V18: 318 | W18: 341 | X18: 362 | Y18: 379 | Z18: 395 | AA18: 413 | AB18: 433
F20: Pixels per 10 million | G20: 80

Sheet EV Sigmoid Fitting
A1: Sigmoid Fitting | F1: x | G1: y | H1: ycalc
A2: min | B2: 104988.75 | C2: <- named cell "min" | F2: 2019 | G2: {=TRANSPOSE(Calculations!B12:M12)} -> 230000 | H2: =min+(max-min)/(1+EXP(-$B$5*(F2-ec_50))) -> 278783.7 | J2: Procedure
A3: max | B3: 4569491.3 | C3: <- named cell "max" | F3: 2020 | G3: 490909.09 | H3: =min+(max-min)/(1+EXP(-$B$5*(F3-ec_50))) -> 328267.46 | J3: (1) Paste data into the x and y column.
A4: ec50 | B4: 2031.2312 | C4: <- named cell "ec_50" | F4: 2021 | G4: 751818.18 | H4: =min+(max-min)/(1+EXP(-$B$5*(F4-ec_50))) -> 390901.63 | J4: (2) Enter the initial values into the min/max/n/ec50 parameters.
A5: k | B5: 0.26214442 | F5: 2022 | G5: 1012727.3 | H5: =min+(max-min)/(1+EXP(-$B$5*(F5-ec_50))) -> 469595.48 | J5: (3) Start Excel Solver (Tools > Solver)
F6: 2023 | G6: 1273636.4 | H6: =min+(max-min)/(1+EXP(-$B$5*(F6-ec_50))) -> 567551.15 | J6: (4) Set "Target cell" to "B7" (Sum of squared residuals).
A7: SSR | B7: =SUMXMY2(G2:G49,H2:H49) -> 1.2561351e+14 | F7: 2024 | G7: 1534545.5 | H7: =min+(max-min)/(1+EXP(-$B$5*(F7-ec_50))) -> 688080.88 | J7: (5) Set "equall to" section to "Value of 0".
F8: 2025 | G8: 1795454.5 | H8: =min+(max-min)/(1+EXP(-$B$5*(F8-ec_50))) -> 834293.58 | J8: (6) Add constraints like EC50>0 by clicking "Add". Add other constraints if necessary.
F9: 2026 | G9: 2056363.6 | H9: =min+(max-min)/(1+EXP(-$B$5*(F9-ec_50))) -> 1008633.9 | J9: (7) Click "Solve" to perform fitting.
A10: FUN | B10: min+(max-min)/(1+10^(n*(log10(x)-log10(ec_50)))) | F10: 2027 | G10: 2317272.7 | H10: =min+(max-min)/(1+EXP(-$B$5*(F10-ec_50))) -> 1212295.4 | J10: (8) Close the solver window and check the graph to see if the calculated curve fitted well.
F11: 2028 | G11: 2578181.8 | H11: =min+(max-min)/(1+EXP(-$B$5*(F11-ec_50))) -> 1444589.7
F12: 2029 | G12: 2839090.9 | H12: =min+(max-min)/(1+EXP(-$B$5*(F12-ec_50))) -> 1702427.8 | J12: See the following reference for details.
F13: 2030 | G13: 3100000 | H13: =min+(max-min)/(1+EXP(-$B$5*(F13-ec_50))) -> 1980113.8 | J13: Kemmer G. nd Keller S. (2010) Nonlinear least-squares data fitting in Excel spreadsheets. Nat. Protocols 5, 267–281.
F14: 2031 | G14: {=TRANSPOSE(Calculations!N14:W14)} -> 0 | H14: =min+(max-min)/(1+EXP(-$B$5*(F14-ec_50))) -> 2269626.1
F15: 2032 | G15: 0 | H15: =min+(max-min)/(1+EXP(-$B$5*(F15-ec_50))) -> 2561433.1
F16: 2033 | G16: 0 | H16: =min+(max-min)/(1+EXP(-$B$5*(F16-ec_50))) -> 2845699.8
F17: 2034 | G17: 0 | H17: =min+(max-min)/(1+EXP(-$B$5*(F17-ec_50))) -> 3113575.7
F18: 2035 | G18: 0 | H18: =min+(max-min)/(1+EXP(-$B$5*(F18-ec_50))) -> 3358221.5
F19: 2036 | G19: 0 | H19: =min+(max-min)/(1+EXP(-$B$5*(F19-ec_50))) -> 3575342.1
F20: 2037 | G20: 0 | H20: =min+(max-min)/(1+EXP(-$B$5*(F20-ec_50))) -> 3763189.7
F21: 2038 | G21: 0 | H21: =min+(max-min)/(1+EXP(-$B$5*(F21-ec_50))) -> 3922163.6
F22: 2039 | G22: 0 | H22: =min+(max-min)/(1+EXP(-$B$5*(F22-ec_50))) -> 4054208.6
F23: 2040 | G23: 0 | H23: =min+(max-min)/(1+EXP(-$B$5*(F23-ec_50))) -> 4162192.5
F24: 2041 | H24: =min+(max-min)/(1+EXP(-$B$5*(F24-ec_50))) -> 4249381.2
F25: 2042 | H25: =min+(max-min)/(1+EXP(-$B$5*(F25-ec_50))) -> 4319057.9
F26: 2043 | H26: =min+(max-min)/(1+EXP(-$B$5*(F26-ec_50))) -> 4374282.8
F27: 2044 | H27: =min+(max-min)/(1+EXP(-$B$5*(F27-ec_50))) -> 4417768.1
F28: 2045 | H28: =min+(max-min)/(1+EXP(-$B$5*(F28-ec_50))) -> 4451833.4
F29: 2046 | H29: =min+(max-min)/(1+EXP(-$B$5*(F29-ec_50))) -> 4478411.8
F30: 2047 | H30: =min+(max-min)/(1+EXP(-$B$5*(F30-ec_50))) -> 4499083.5
F31: 2048 | H31: =min+(max-min)/(1+EXP(-$B$5*(F31-ec_50))) -> 4515121.8
F32: 2049 | H32: =min+(max-min)/(1+EXP(-$B$5*(F32-ec_50))) -> 4527541.6
F33: 2050 | H33: =min+(max-min)/(1+EXP(-$B$5*(F33-ec_50))) -> 4537145.2

Sheet Calculations
A1: For grid batteries, we will use BNEF NEO numbers and curve fit to extrapolate
A2: for years 2014-2050. We assume no grid batteries retire during the model
A3: run, so installed capacity equals cumulative capacity.
B5: 2019 | C5: 2020 | D5: 2021 | E5: 2022 | F5: 2023 | G5: 2024 | H5: 2025 | I5: 2026 | J5: 2027 | K5: 2028 | L5: 2029 | M5: 2030 | N5: 2031 | O5: 2032 | P5: 2033 | Q5: 2034 | R5: 2035 | S5: 2036 | T5: 2037 | U5: 2038 | V5: 2039 | W5: 2040 | X5: 2041 | Y5: 2042 | Z5: 2043 | AA5: 2044 | AB5: 2045 | AC5: 2046 | AD5: 2047 | AE5: 2048 | AF5: 2049 | AG5: 2050
A6: Grid battery capacity (MWh) | B6: 23809.524 | C6: 23809.524 | D6: 50000 | E6: 76190.476 | F6: 102380.95 | G6: 128571.43 | H6: 154761.9 | I6: 238095.24 | J6: 321428.57 | K6: 404761.9 | L6: 488095.24 | M6: 571428.57 | N6: 685714.29 | O6: 800000 | P6: 914285.71 | Q6: 1028571.4 | R6: 1142857.1 | S6: 1319047.6 | T6: 1495238.1 | U6: 1671428.6 | V6: 1847619 | W6: 2023809.5 | X6: 2261904.8 | Y6: 2500000 | Z6: 2738095.2 | AA6: 2976190.5 | AB6: 3214285.7 | AC6: 3440476.2 | AD6: 3666666.7 | AE6: 3892857.1 | AF6: 4119047.6 | AG6: 4345238.1
A8: For Evs, we use Bloomberg New Energy Finance's numbers. This assumes an aggressive rate of EV deployment,
A9: which matches usual EPS model behavior in the United States and other EPS regions we've tested.
B11: 2019 | C11: 2020 | D11: 2021 | E11: 2022 | F11: 2023 | G11: 2024 | H11: 2025 | I11: 2026 | J11: 2027 | K11: 2028 | L11: 2029 | M11: 2030 | N11: 2031 | O11: 2032 | P11: 2033 | Q11: 2034 | R11: 2035 | S11: 2036 | T11: 2037 | U11: 2038 | V11: 2039 | W11: 2040 | X11: 2041 | Y11: 2042 | Z11: 2043 | AA11: 2044 | AB11: 2045 | AC11: 2046 | AD11: 2047 | AE11: 2048 | AF11: 2049 | AG11: 2050
A12: EV battery new sales (MWh) | B12: 230000 | C12: 490909.09 | D12: 751818.18 | E12: 1012727.3 | F12: 1273636.4 | G12: 1534545.5 | H12: 1795454.5 | I12: 2056363.6 | J12: 2317272.7 | K12: 2578181.8 | L12: 2839090.9 | M12: 3100000
A13: EV battery new sales, extrapolated 2031-2040 (GWh) | N13: 3424790.6 | O13: 3746501.4 | P13: 4059905.3 | Q13: 4360313.8 | R13: 4643834.6 | S13: 4907531.6 | T13: 5149479.4 | U13: 5368721.8 | V13: 5565159.9 | W13: 5739396.5
A14: EV battery new sales, extrapolated 2041-2050 (GWh) | X14: 5892563.7 | Y14: 6026155.5 | Z14: 6141879.4 | AA14: 6241534 | AB14: 6326916 | AC14: 6399752.7 | AD14: 6461658.7 | AE14: 6514110.6 | AF14: 6558435.5 | AG14: 6595809.9
B16: 2018 | C16: 2019 | D16: 2020 | E16: 2021 | F16: 2022 | G16: 2023 | H16: 2024 | I16: 2025 | J16: 2026 | K16: 2027 | L16: 2028 | M16: 2029 | N16: 2030 | O16: 2031 | P16: 2032 | Q16: 2033 | R16: 2034 | S16: 2035 | T16: 2036 | U16: 2037 | V16: 2038 | W16: 2039 | X16: 2040 | Y16: 2041 | Z16: 2042 | AA16: 2043 | AB16: 2044 | AC16: 2045 | AD16: 2046 | AE16: 2047 | AF16: 2048 | AG16: 2049 | AH16: 2050
A17: EV battery cap, cumulative (MWh) | B17: =B18*1000 -> 2500000 | C17: =SUM(B12:B14,B17) -> 2730000 | D17: =SUM(C12:C14,C17) -> 3220909.1 | E17: =SUM(D12:D14,D17) -> 3972727.3 | F17: =SUM(E12:E14,E17) -> 4985454.5 | G17: =SUM(F12:F14,F17) -> 6259090.9 | H17: =SUM(G12:G14,G17) -> 7793636.4 | I17: =SUM(H12:H14,H17) -> 9589090.9 | J17: =SUM(I12:I14,I17) -> 11645455 | ... AH17: =SUM(AG12:AG14,AG17) -> 1.3260445e+08
A18: Sum-of-series multiplier for years prior to 2019 (GWh) | B18: 2500

Sheet SYGBSC
B1: 2020
A2: Global battery cap (MWh) | B2: =Calculations!C6+Calculations!D17 -> 3244718.6

Sheet BGBSC
B1: 2021 | C1: 2022 | D1: 2023 | E1: 2024 | F1: 2025 | G1: 2026 | H1: 2027 | I1: 2028 | J1: 2029 | K1: 2030 | L1: 2031 | M1: 2032 | N1: 2033 | O1: 2034 | P1: 2035 | Q1: 2036 | R1: 2037 | S1: 2038 | T1: 2039 | U1: 2040 | V1: 2041 | W1: 2042 | X1: 2043 | Y1: 2044 | Z1: 2045 | AA1: 2046 | AB1: 2047 | AC1: 2048 | AD1: 2049 | AE1: 2050
A2: Global battery cap (MWh) | B2: =Calculations!D6+Calculations!E17 -> 4022727.3 | C2: =Calculations!E6+Calculations!F17 -> 5061645 | D2: =Calculations!F6+Calculations!G17 -> 6361471.9 | E2: =Calculations!G6+Calculations!H17 -> 7922207.8 | F2: =Calculations!H6+Calculations!I17 -> 9743852.8 | G2: =Calculations!I6+Calculations!J17 -> 11883550 | H2: =Calculations!J6+Calculations!K17 -> 14284156 | I2: =Calculations!K6+Calculations!L17 -> 16945671 | ... AE2: =Calculations!AG6+Calculations!AH17 -> 1.3694969e+08
